0,-1996.0675973725,2409302.310668,-2319.94067382813
8.22560502609277,-1994.14283746743,2409294.31342614,-2319.099609375
16.4512100521855,-1992.21807756236,2409286.31618428,-2318.65307617187
24.6768150782783,-1990.29331765728,2409278.31894242,-2319.40942382812
32.9024201043711,-1988.36855775221,2409270.32170056,-2319.91333007812
41.1280251304639,-1986.44379784714,2409262.3244587,-2319.38208007812
49.3536301565567,-1984.51903794206,2409254.32721684,-2319.55712890625
57.5792351826494,-1982.59427803699,2409246.32997498,-2319.12231445312
65.8048402087422,-1980.66951813191,2409238.33273313,-2318.48950195312
74.030445234835,-1978.74475822684,2409230.33549127,-2317.71435546875
82.2560502609277,-1976.81999832177,2409222.33824941,-2316.86987304687
90.4816552870205,-1974.89523841669,2409214.34100755,-2315.52392578125
98.7072603131133,-1972.97047851162,2409206.34376569,-2315.70263671875
106.932865339206,-1971.04571860654,2409198.34652383,-2312.87719726562
115.158470365299,-1969.12095870147,2409190.34928197,-2311.82885742187
123.384075391392,-1967.1961987964,2409182.35204011,-2310.1318359375
131.609680417484,-1965.27143889132,2409174.35479825,-2310.13134765625
139.835285443577,-1963.34667898625,2409166.35755639,-2310.62182617188
148.06089046967,-1961.42191908117,2409158.36031453,-2310.4169921875
156.286495495763,-1959.4971591761,2409150.36307268,-2312.17602539063
164.512100521855,-1957.57239927103,2409142.36583082,-2313.20434570312
172.737705547948,-1955.64763936595,2409134.36858896,-2314.7890625
180.963310574041,-1953.72287946088,2409126.3713471,-2319.1083984375
189.188915600134,-1951.7981195558,2409118.37410524,-2324.08862304688
197.414520626227,-1949.87335965073,2409110.37686338,-2328.31103515625
205.640125652319,-1947.94859974566,2409102.37962152,-2333.41479492187
213.865730678412,-1946.02383984058,2409094.38237966,-2337.58447265625
222.091335704505,-1944.09907993551,2409086.3851378,-2342.80151367187
230.316940730598,-1942.17432003043,2409078.38789594,-2346.89453125
238.54254575669,-1940.24956012536,2409070.39065408,-2351.681640625
246.768150782783,-1938.32480022029,2409062.39341222,-2357.47387695312
254.993755808876,-1936.40004031521,2409054.39617037,-2361.07055664062
263.219360834969,-1934.47528041014,2409046.39892851,-2364.04418945312
271.444965861061,-1932.55052050506,2409038.40168665,-2365.8271484375
279.670570887154,-1930.62576059999,2409030.40444479,-2370.12963867187
287.896175913247,-1928.70100069492,2409022.40720293,-2372.66577148437
296.12178093934,-1926.77624078984,2409014.40996107,-2375.86279296875
304.347385965433,-1924.85148088477,2409006.41271921,-2379.1103515625
312.572990991525,-1922.92672097969,2408998.41547735,-2381.40380859375
320.798596017618,-1921.00196107462,2408990.41823549,-2384.35766601562
329.024201043711,-1919.07720116955,2408982.42099363,-2386.9912109375
337.249806069804,-1917.15244126447,2408974.42375177,-2388.65869140625
345.475411095896,-1915.2276813594,2408966.42650992,-2391.20629882812
353.701016121989,-1913.30292145432,2408958.42926806,-2392.31494140625
361.926621148082,-1911.37816154925,2408950.4320262,-2394.52124023438
370.152226174175,-1909.45340164418,2408942.43478434,-2396.291015625
378.377831200268,-1907.5286417391,2408934.43754248,-2397.65112304687
386.60343622636,-1905.60388183403,2408926.44030062,-2399.40405273438
394.829041252453,-1903.67912192895,2408918.44305876,-2400.43505859375
403.054646278546,-1901.75436202388,2408910.4458169,-2401.8935546875
411.280251304639,-1899.82960211881,2408902.44857504,-2403.5302734375
419.505856330732,-1897.90484221373,2408894.45133318,-2404.31762695312
427.731461356824,-1895.98008230866,2408886.45409132,-2405.52416992187
435.957066382917,-1894.05532240358,2408878.45684946,-2405.57177734375
444.18267140901,-1892.13056249851,2408870.45960761,-2406.11694335937
452.408276435103,-1890.20580259344,2408862.46236575,-2406.2236328125
460.633881461195,-1888.28104268836,2408854.46512389,-2407.34594726562
468.859486487288,-1886.35628278329,2408846.46788203,-2406.91870117187
477.085091513381,-1884.43152287821,2408838.47064017,-2407.6376953125
485.310696539474,-1882.50676297314,2408830.47339831,-2407.32836914062
493.536301565566,-1880.58200306807,2408822.47615645,-2407.5126953125
501.761906591659,-1878.65724316299,2408814.47891459,-2407.8134765625
509.987511617752,-1876.73248325792,2408806.48167273,-2408.16137695312
518.213116643845,-1874.80772335284,2408798.48443087,-2407.99243164063
526.438721669938,-1872.88296344777,2408790.48718902,-2408.08251953125
534.66432669603,-1870.9582035427,2408782.48994716,-2407.71826171875
542.889931722123,-1869.03344363762,2408774.4927053,-2407.3720703125
551.115536748216,-1867.10868373255,2408766.49546344,-2407.93530273437
559.341141774309,-1865.18392382747,2408758.49822158,-2408.93212890625
567.566746800402,-1863.2591639224,2408750.50097972,-2408.85888671875
575.792351826494,-1861.33440401733,2408742.50373786,-2408.83911132812
584.017956852587,-1859.40964411225,2408734.506496,-2408.65747070313
592.24356187868,-1857.48488420718,2408726.50925414,-2409.16748046875
600.469166904773,-1855.5601243021,2408718.51201228,-2409.18017578125
608.694771930865,-1853.63536439703,2408710.51477042,-2409.21923828125
616.920376956958,-1851.71060449196,2408702.51752856,-2409.4345703125
625.145981983051,-1849.78584458688,2408694.52028671,-2409.09106445313
633.371587009144,-1847.86108468181,2408686.52304485,-2409.88549804687
641.597192035236,-1845.93632477673,2408678.52580299,-2409.8759765625
649.822797061329,-1844.01156487166,2408670.52856113,-2409.91650390625
658.048402087422,-1842.08680496659,2408662.53131927,-2410.13916015625
666.274007113515,-1840.16204506151,2408654.53407741,-2410.7822265625
674.499612139608,-1838.23728515644,2408646.53683555,-2410.67236328125
682.7252171657,-1836.31252525136,2408638.53959369,-2410.90893554688
690.950822191793,-1834.38776534629,2408630.54235183,-2411.08081054687
699.176427217886,-1832.46300544122,2408622.54510997,-2411.10595703125
707.402032243979,-1830.53824553614,2408614.54786811,-2411.64233398437
715.627637270071,-1828.61348563107,2408606.55062626,-2411.86499023437
723.853242296164,-1826.68872572599,2408598.5533844,-2411.720703125
732.078847322257,-1824.76396582092,2408590.55614254,-2411.85620117187
740.30445234835,-1822.83920591585,2408582.55890068,-2412.19995117187
748.530057374442,-1820.91444601077,2408574.56165882,-2412.68701171875
756.755662400535,-1818.9896861057,2408566.56441696,-2412.22924804687
764.981267426628,-1817.06492620063,2408558.5671751,-2412.66186523438
773.206872452721,-1815.14016629555,2408550.56993324,-2412.95092773437
781.432477478814,-1813.21540639048,2408542.57269138,-2413.22265625
789.658082504906,-1811.2906464854,2408534.57544952,-2413.77099609375
797.883687530999,-1809.36588658033,2408526.57820766,-2414.41772460937
806.109292557092,-1807.44112667526,2408518.58096581,-2414.42016601562
814.334897583185,-1805.51636677018,2408510.58372395,-2415.19091796875
822.560502609277,-1803.59160686511,2408502.58648209,-2415.5712890625
830.78610763537,-1801.66684696003,2408494.58924023,-2415.79663085937
839.011712661463,-1799.74208705496,2408486.59199837,-2416.46240234375
847.237317687556,-1797.81732714989,2408478.59475651,-2418.212890625
855.462922713648,-1795.89256724481,2408470.59751465,-2417.39892578125
863.688527739741,-1793.96780733974,2408462.60027279,-2417.49487304687
871.914132765834,-1792.04304743466,2408454.60303093,-2418.076171875
880.139737791927,-1790.11828752959,2408446.60578907,-2418.0556640625
888.36534281802,-1788.19352762452,2408438.60854721,-2418.82373046875
896.590947844113,-1786.26876771944,2408430.61130536,-2418.50659179687
904.816552870205,-1784.34400781437,2408422.6140635,-2418.83276367188
913.042157896298,-1782.41924790929,2408414.61682164,-2418.9462890625
921.267762922391,-1780.49448800422,2408406.61957978,-2418.73608398437
929.493367948484,-1778.56972809915,2408398.62233792,-2419.28784179687
937.718972974576,-1776.64496819407,2408390.62509606,-2420.23095703125
945.944578000669,-1774.720208289,2408382.6278542,-2420.57250976563
954.170183026762,-1772.79544838392,2408374.63061234,-2419.55712890625
962.395788052855,-1770.87068847885,2408366.63337048,-2421.58520507812
970.621393078947,-1768.94592857378,2408358.63612862,-2421.63916015625
978.84699810504,-1767.0211686687,2408350.63888676,-2424.05932617187
987.072603131133,-1765.09640876363,2408342.6416449,-2424.783203125
995.298208157226,-1763.17164885855,2408334.64440305,-2424.38623046875
1003.52381318332,-1761.24688895348,2408326.64716119,-2424.41772460938
1011.74941820941,-1759.32212904841,2408318.64991933,-2424.31176757812
1019.9750232355,-1757.39736914333,2408310.65267747,-2423.978515625
1028.2006282616,-1755.47260923826,2408302.65543561,-2424.8212890625
1036.42623328769,-1753.54784933318,2408294.65819375,-2424.83618164063
1044.65183831378,-1751.62308942811,2408286.66095189,-2424.64819335937
1052.87744333988,-1749.69832952304,2408278.66371003,-2425.86352539062
1061.10304836597,-1747.77356961796,2408270.66646817,-2426.83081054688
1069.32865339206,-1745.84880971289,2408262.66922631,-2427.23608398438
1077.55425841815,-1743.92404980781,2408254.67198445,-2427.61376953125
1085.77986344425,-1741.99928990274,2408246.6747426,-2428.4580078125
1094.00546847034,-1740.07452999767,2408238.67750074,-2428.65771484375
1102.23107349643,-1738.14977009259,2408230.68025888,-2429.25073242187
1110.45667852252,-1736.22501018752,2408222.68301702,-2429.16333007812
1118.68228354862,-1734.30025028244,2408214.68577516,-2429.00634765625
1126.90788857471,-1732.37549037737,2408206.6885333,-2429.59326171875
1135.1334936008,-1730.4507304723,2408198.69129144,-2429.38012695312
1143.3590986269,-1728.52597056722,2408190.69404958,-2429.71069335937
1151.58470365299,-1726.60121066215,2408182.69680772,-2429.93115234375
1159.81030867908,-1724.67645075707,2408174.69956586,-2429.88256835938
1168.03591370517,-1722.751690852,2408166.702324,-2430.47534179688
1176.26151873127,-1720.82693094693,2408158.70508215,-2430.3115234375
1184.48712375736,-1718.90217104185,2408150.70784029,-2430.54565429687
1192.71272878345,-1716.97741113678,2408142.71059843,-2430.63623046875
1200.93833380955,-1715.0526512317,2408134.71335657,-2430.98095703125
1209.16393883564,-1713.12789132663,2408126.71611471,-2431.48461914063
1217.38954386173,-1711.20313142156,2408118.71887285,-2431.22875976562
1225.61514888782,-1709.27837151648,2408110.72163099,-2430.9580078125
1233.84075391392,-1707.35361161141,2408102.72438913,-2431.15014648437
1242.06635894001,-1705.42885170633,2408094.72714727,-2431.85888671875
1250.2919639661,-1703.50409180126,2408086.72990541,-2431.62133789062
1258.51756899219,-1701.57933189619,2408078.73266355,-2431.26049804687
1266.74317401829,-1699.65457199111,2408070.7354217,-2431.75073242187
1274.96877904438,-1697.72981208604,2408062.73817984,-2431.45776367187
1283.19438407047,-1695.80505218096,2408054.74093798,-2431.42309570312
1291.41998909657,-1693.88029227589,2408046.74369612,-2431.73779296875
1299.64559412266,-1691.95553237082,2408038.74645426,-2431.87060546875
1307.87119914875,-1690.03077246574,2408030.7492124,-2432.56494140625
1316.09680417484,-1688.10601256067,2408022.75197054,-2432.1875
1324.32240920094,-1686.18125265559,2408014.75472868,-2432.50512695312
1332.54801422703,-1684.25649275052,2408006.75748682,-2433.263671875
1340.77361925312,-1682.33173284545,2407998.76024496,-2434.11206054687
1348.99922427922,-1680.40697294037,2407990.7630031,-2434.49536132812
1357.22482930531,-1678.4822130353,2407982.76576125,-2434.86401367187
1365.4504343314,-1676.55745313022,2407974.76851939,-2434.13891601562
1373.67603935749,-1674.63269322515,2407966.77127753,-2434.56762695312
1381.90164438359,-1672.70793332008,2407958.77403567,-2435.05639648437
1390.12724940968,-1670.783173415,2407950.77679381,-2435.14404296875
1398.35285443577,-1668.85841350993,2407942.77955195,-2435.35009765625
1406.57845946186,-1666.93365360485,2407934.78231009,-2435.5791015625
1414.80406448796,-1665.00889369978,2407926.78506823,-2435.89453125
1423.02966951405,-1663.08413379471,2407918.78782637,-2435.7998046875
1431.25527454014,-1661.15937388963,2407910.79058451,-2436.40600585937
1439.48087956624,-1659.23461398456,2407902.79334265,-2436.47412109375
1447.70648459233,-1657.30985407948,2407894.79610079,-2436.55346679687
1455.93208961842,-1655.38509417441,2407886.79885894,-2436.88061523437
1464.15769464451,-1653.46033426934,2407878.80161708,-2436.51342773438
1472.38329967061,-1651.53557436426,2407870.80437522,-2436.70385742187
1480.6089046967,-1649.61081445919,2407862.80713336,-2436.23071289062
1488.83450972279,-1647.68605455412,2407854.8098915,-2435.97680664062
1497.06011474888,-1645.76129464904,2407846.81264964,-2436.3583984375
1505.28571977498,-1643.83653474397,2407838.81540778,-2435.66333007813
1513.51132480107,-1641.91177483889,2407830.81816592,-2435.001953125
1521.73692982716,-1639.98701493382,2407822.82092406,-2433.87573242188
1529.96253485326,-1638.06225502874,2407814.8236822,-2433.67626953125
1538.18813987935,-1636.13749512367,2407806.82644034,-2433.0546875
1546.41374490544,-1634.2127352186,2407798.82919848,-2432.6845703125
1554.63934993153,-1632.28797531352,2407790.83195663,-2432.04907226563
1562.86495495763,-1630.36321540845,2407782.83471477,-2431.97265625
1571.09055998372,-1628.43845550338,2407774.83747291,-2431.404296875
1579.31616500981,-1626.5136955983,2407766.84023105,-2431.27514648438
1587.54177003591,-1624.58893569323,2407758.84298919,-2431.97827148437
1595.767375062,-1622.66417578815,2407750.84574733,-2432.44360351563
1603.99298008809,-1620.73941588308,2407742.84850547,-2432.71435546875
1612.21858511418,-1618.81465597801,2407734.85126361,-2432.68994140625
1620.44419014028,-1616.88989607293,2407726.85402175,-2432.3046875
1628.66979516637,-1614.96513616786,2407718.85677989,-2432.22143554688
1636.89540019246,-1613.04037626278,2407710.85953804,-2431.4443359375
1645.12100521855,-1611.11561635771,2407702.86229618,-2429.37158203125
1653.34661024465,-1609.19085645264,2407694.86505432,-2427.24291992187
1661.57221527074,-1607.26609654756,2407686.86781246,-2425.87768554687
1669.79782029683,-1605.34133664249,2407678.8705706,-2424.89184570312
1678.02342532293,-1603.41657673741,2407670.87332874,-2424.23706054687
1686.24903034902,-1601.49181683234,2407662.87608688,-2422.63623046875
1694.47463537511,-1599.56705692727,2407654.87884502,-2420.89038085938
1702.7002404012,-1597.64229702219,2407646.88160316,-2420.07592773437
1710.9258454273,-1595.71753711712,2407638.8843613,-2420.91430664063
1719.15145045339,-1593.79277721204,2407630.88711944,-2421.92016601562
1727.37705547948,-1591.86801730697,2407622.88987759,-2422.31958007812
1735.60266050558,-1589.9432574019,2407614.89263573,-2423.365234375
1743.82826553167,-1588.01849749682,2407606.89539387,-2423.99829101562
1752.05387055776,-1586.09373759175,2407598.89815201,-2423.68798828125
1760.27947558385,-1584.16897768667,2407590.90091015,-2423.42114257813
1768.50508060995,-1582.2442177816,2407582.90366829,-2423.5185546875
1776.73068563604,-1580.31945787653,2407574.90642643,-2424.05639648437
1784.95629066213,-1578.39469797145,2407566.90918457,-2424.07055664062
1793.18189568822,-1576.46993806638,2407558.91194271,-2425.11059570313
1801.40750071432,-1574.5451781613,2407550.91470085,-2425.37670898438
1809.63310574041,-1572.62041825623,2407542.91745899,-2426.23046875
1817.8587107665,-1570.69565835116,2407534.92021713,-2427.20166015625
1826.0843157926,-1568.77089844608,2407526.92297528,-2428.03515625
1834.30992081869,-1566.84613854101,2407518.92573342,-2427.42163085937
1842.53552584478,-1564.92137863593,2407510.92849156,-2426.51977539062
1850.76113087087,-1562.99661873086,2407502.9312497,-2428.03247070312
1858.98673589697,-1561.07185882579,2407494.93400784,-2426.85424804687
1867.21234092306,-1559.14709892071,2407486.93676598,-2425.853515625
1875.43794594915,-1557.22233901564,2407478.93952412,-2425.8671875
1883.66355097525,-1555.29757911056,2407470.94228226,-2426.93359375
1891.88915600134,-1553.37281920549,2407462.9450404,-2428.04931640625
1900.11476102743,-1551.44805930042,2407454.94779854,-2427.86303710937
1908.34036605352,-1549.52329939534,2407446.95055668,-2428.3701171875
1916.56597107962,-1547.59853949027,2407438.95331483,-2428.05395507812
1924.79157610571,-1545.67377958519,2407430.95607297,-2427.45629882813
1933.0171811318,-1543.74901968012,2407422.95883111,-2427.28833007813
1941.24278615789,-1541.82425977505,2407414.96158925,-2428.13891601562
1949.46839118399,-1539.89949986997,2407406.96434739,-2428.98706054687
1957.69399621008,-1537.9747399649,2407398.96710553,-2428.36962890625
1965.91960123617,-1536.04998005982,2407390.96986367,-2428.9501953125
1974.14520626227,-1534.12522015475,2407382.97262181,-2429.50341796875
1982.37081128836,-1532.20046024968,2407374.97537995,-2429.2421875
1990.59641631445,-1530.2757003446,2407366.97813809,-2429.59985351562
1998.82202134054,-1528.35094043953,2407358.98089623,-2431.37744140625
2007.04762636664,-1526.42618053445,2407350.98365438,-2431.94287109375
2015.27323139273,-1524.50142062938,2407342.98641252,-2431.78857421875
2023.49883641882,-1522.57666072431,2407334.98917066,-2431.72631835938
2031.72444144491,-1520.65190081923,2407326.9919288,-2432.064453125
2039.95004647101,-1518.72714091416,2407318.99468694,-2432.2158203125
2048.1756514971,-1516.80238100908,2407310.99744508,-2432.20825195313
2056.40125652319,-1514.87762110401,2407303.00020322,-2433.087890625
2064.62686154929,-1512.95286119894,2407295.00296136,-2432.6396484375
2072.85246657538,-1511.02810129386,2407287.0057195,-2432.93603515625
2081.07807160147,-1509.10334138879,2407279.00847764,-2433.36962890625
2089.30367662756,-1507.17858148371,2407271.01123578,-2433.11767578125
2097.52928165366,-1505.25382157864,2407263.01399392,-2433.50512695313
2105.75488667975,-1503.32906167357,2407255.01675207,-2433.9482421875
2113.98049170584,-1501.40430176849,2407247.01951021,-2434.26611328125
2122.20609673194,-1499.47954186342,2407239.02226835,-2434.58178710938
2130.43170175803,-1497.55478195834,2407231.02502649,-2434.97338867187
2138.65730678412,-1495.63002205327,2407223.02778463,-2435.13916015625
2146.88291181021,-1493.7052621482,2407215.03054277,-2435.14501953125
2155.10851683631,-1491.78050224312,2407207.03330091,-2435.26220703125
2163.3341218624,-1489.85574233805,2407199.03605905,-2435.70483398438
2171.55972688849,-1487.93098243297,2407191.03881719,-2436.08154296875
2179.78533191458,-1486.0062225279,2407183.04157533,-2434.87841796875
2188.01093694068,-1484.08146262283,2407175.04433347,-2434.49365234375
2196.23654196677,-1482.15670271775,2407167.04709162,-2434.07861328125
2204.46214699286,-1480.23194281268,2407159.04984976,-2434.37524414062
2212.68775201896,-1478.3071829076,2407151.0526079,-2434.57543945313
2220.91335704505,-1476.38242300253,2407143.05536604,-2434.13525390625
2229.13896207114,-1474.45766309746,2407135.05812418,-2433.27319335937
2237.36456709723,-1472.53290319238,2407127.06088232,-2432.75366210937
2245.59017212333,-1470.60814328731,2407119.06364046,-2431.97827148437
2253.81577714942,-1468.68338338224,2407111.0663986,-2432.21630859375
2262.04138217551,-1466.75862347716,2407103.06915674,-2432.81909179687
2270.26698720161,-1464.83386357209,2407095.07191488,-2433.38500976562
2278.4925922277,-1462.90910366701,2407087.07467302,-2434.47900390625
2286.71819725379,-1460.98434376194,2407079.07743117,-2435.4775390625
2294.94380227988,-1459.05958385687,2407071.08018931,-2435.41918945313
2303.16940730598,-1457.13482395179,2407063.08294745,-2436.05322265625
2311.39501233207,-1455.21006404672,2407055.08570559,-2435.91943359375
2319.62061735816,-1453.28530414164,2407047.08846373,-2435.39086914063
2327.84622238425,-1451.36054423657,2407039.09122187,-2436.1904296875
2336.07182741035,-1449.4357843315,2407031.09398001,-2435.68530273437
2344.29743243644,-1447.51102442642,2407023.09673815,-2435.76611328125
2352.52303746253,-1445.58626452135,2407015.09949629,-2435.2646484375
2360.74864248863,-1443.66150461627,2407007.10225443,-2434.40161132812
2368.97424751472,-1441.7367447112,2406999.10501257,-2434.46948242187
2377.19985254081,-1439.81198480613,2406991.10777072,-2435.07495117187
2385.4254575669,-1437.88722490105,2406983.11052886,-2434.87109375
2393.651062593,-1435.96246499598,2406975.113287,-2435.005859375
2401.87666761909,-1434.0377050909,2406967.11604514,-2434.73876953125
2410.10227264518,-1432.11294518583,2406959.11880328,-2435.17602539062
2418.32787767128,-1430.18818528076,2406951.12156142,-2435.43041992187
2426.55348269737,-1428.26342537568,2406943.12431956,-2435.73071289063
2434.77908772346,-1426.33866547061,2406935.1270777,-2436.28295898437
2443.00469274955,-1424.41390556553,2406927.12983584,-2436.24438476562
2451.23029777565,-1422.48914566046,2406919.13259398,-2436.8408203125
2459.45590280174,-1420.56438575539,2406911.13535212,-2436.66967773437
2467.68150782783,-1418.63962585031,2406903.13811027,-2436.49462890625
2475.90711285392,-1416.71486594524,2406895.14086841,-2436.1669921875
2484.13271788002,-1414.79010604016,2406887.14362655,-2435.88427734375
2492.35832290611,-1412.86534613509,2406879.14638469,-2435.63891601562
2500.5839279322,-1410.94058623002,2406871.14914283,-2434.30639648437
2508.8095329583,-1409.01582632494,2406863.15190097,-2434.291015625
2517.03513798439,-1407.09106641987,2406855.15465911,-2434.40063476562
2525.26074301048,-1405.16630651479,2406847.15741725,-2432.52124023437
2533.48634803657,-1403.24154660972,2406839.16017539,-2431.35864257812
2541.71195306267,-1401.31678670465,2406831.16293353,-2430.47045898437
2549.93755808876,-1399.39202679957,2406823.16569167,-2429.69091796875
2558.16316311485,-1397.4672668945,2406815.16844981,-2430.95678710938
2566.38876814095,-1395.54250698942,2406807.17120796,-2431.57202148437
2574.61437316704,-1393.61774708435,2406799.1739661,-2432.48608398437
2582.83997819313,-1391.69298717928,2406791.17672424,-2432.50244140625
2591.06558321922,-1389.7682272742,2406783.17948238,-2432.6767578125
2599.29118824532,-1387.84346736913,2406775.18224052,-2433.140625
2607.51679327141,-1385.91870746405,2406767.18499866,-2433.607421875
2615.7423982975,-1383.99394755898,2406759.1877568,-2434.16650390625
2623.96800332359,-1382.06918765391,2406751.19051494,-2435.36572265625
2632.19360834969,-1380.14442774883,2406743.19327308,-2435.91040039062
2640.41921337578,-1378.21966784376,2406735.19603122,-2436.79223632813
2648.64481840187,-1376.29490793868,2406727.19878936,-2437.08227539063
2656.87042342797,-1374.37014803361,2406719.20154751,-2437.62329101562
2665.09602845406,-1372.44538812854,2406711.20430565,-2438.58349609375
2673.32163348015,-1370.52062822346,2406703.20706379,-2439.58862304687
2681.54723850624,-1368.59586831839,2406695.20982193,-2440.44750976562
2689.77284353234,-1366.67110841331,2406687.21258007,-2440.66943359375
2697.99844855843,-1364.74634850824,2406679.21533821,-2441.60498046875
2706.22405358452,-1362.82158860317,2406671.21809635,-2442.25024414062
2714.44965861062,-1360.89682869809,2406663.22085449,-2443.03735351563
2722.67526363671,-1358.97206879302,2406655.22361263,-2442.73950195312
2730.9008686628,-1357.04730888794,2406647.22637077,-2441.390625
2739.12647368889,-1355.12254898287,2406639.22912891,-2440.07788085937
2747.35207871499,-1353.1977890778,2406631.23188706,-2438.8046875
2755.57768374108,-1351.27302917272,2406623.2346452,-2437.22290039062
2763.80328876717,-1349.34826926765,2406615.23740334,-2437.9765625
2772.02889379326,-1347.42350936257,2406607.24016148,-2438.42895507812
2780.25449881936,-1345.4987494575,2406599.24291962,-2439.36791992187
2788.48010384545,-1343.57398955243,2406591.24567776,-2440.65698242188
2796.70570887154,-1341.64922964735,2406583.2484359,-2442.41088867187
2804.93131389764,-1339.72446974228,2406575.25119404,-2441.22119140625
2813.15691892373,-1337.7997098372,2406567.25395218,-2440.21142578125
2821.38252394982,-1335.87494993213,2406559.25671032,-2439.64794921875
2829.60812897591,-1333.95019002706,2406551.25946846,-2440.28271484375
2837.83373400201,-1332.02543012198,2406543.26222661,-2440.11376953125
2846.0593390281,-1330.10067021691,2406535.26498475,-2440.619140625
2854.28494405419,-1328.17591031183,2406527.26774289,-2438.67602539062
2862.51054908029,-1326.25115040676,2406519.27050103,-2437.28393554687
2870.73615410638,-1324.32639050169,2406511.27325917,-2436.68774414063
2878.96175913247,-1322.40163059661,2406503.27601731,-2435.52075195312
2887.18736415856,-1320.47687069154,2406495.27877545,-2435.552734375
2895.41296918466,-1318.55211078646,2406487.28153359,-2435.42333984375
2903.63857421075,-1316.62735088139,2406479.28429173,-2435.73461914062
2911.86417923684,-1314.70259097632,2406471.28704987,-2434.60961914062
2920.08978426293,-1312.77783107124,2406463.28980801,-2435.2275390625
2928.31538928903,-1310.85307116617,2406455.29256615,-2434.69946289062
2936.54099431512,-1308.92831126109,2406447.2953243,-2434.38037109375
2944.76659934121,-1307.00355135602,2406439.29808244,-2434.45141601563
2952.99220436731,-1305.07879145095,2406431.30084058,-2433.97534179687
2961.2178093934,-1303.15403154587,2406423.30359872,-2432.8505859375
2969.44341441949,-1301.2292716408,2406415.30635686,-2432.2138671875
2977.66901944558,-1299.30451173573,2406407.309115,-2430.54150390625
2985.89462447168,-1297.37975183065,2406399.31187314,-2429.72924804687
2994.12022949777,-1295.45499192558,2406391.31463128,-2428.06591796875
3002.34583452386,-1293.5302320205,2406383.31738942,-2425.45849609375
3010.57143954996,-1291.60547211543,2406375.32014756,-2424.77880859375
3018.79704457605,-1289.68071221036,2406367.3229057,-2425.74658203125
3027.02264960214,-1287.75595230528,2406359.32566385,-2428.6162109375
3035.24825462823,-1285.83119240021,2406351.32842199,-2430.11450195312
3043.47385965433,-1283.90643249513,2406343.33118013,-2432.03051757812
3051.69946468042,-1281.98167259006,2406335.33393827,-2433.18212890625
3059.92506970651,-1280.05691268499,2406327.33669641,-2435.47143554688
3068.1506747326,-1278.13215277991,2406319.33945455,-2436.68188476562
3076.3762797587,-1276.20739287484,2406311.34221269,-2437.46435546875
3084.60188478479,-1274.28263296976,2406303.34497083,-2438.17431640625
3092.82748981088,-1272.35787306469,2406295.34772897,-2438.62670898437
3101.05309483698,-1270.43311315962,2406287.35048711,-2439.26147460937
3109.27869986307,-1268.50835325454,2406279.35324525,-2439.29638671875
3117.50430488916,-1266.58359334947,2406271.3560034,-2438.57836914062
3125.72990991525,-1264.65883344439,2406263.35876154,-2437.06591796875
3133.95551494135,-1262.73407353932,2406255.36151968,-2435.48754882812
3142.18111996744,-1260.80931363425,2406247.36427782,-2433.21069335938
3150.40672499353,-1258.88455372917,2406239.36703596,-2431.14599609375
3158.63233001963,-1256.9597938241,2406231.3697941,-2428.69848632813
3166.85793504572,-1255.03503391902,2406223.37255224,-2426.70336914062
3175.08354007181,-1253.11027401395,2406215.37531038,-2423.810546875
3183.3091450979,-1251.18551410888,2406207.37806852,-2422.11743164062
3191.534750124,-1249.2607542038,2406199.38082666,-2420.08984375
3199.76035515009,-1247.33599429873,2406191.3835848,-2418.712890625
3207.98596017618,-1245.41123439365,2406183.38634295,-2417.3505859375
3216.21156520227,-1243.48647448858,2406175.38910109,-2415.74072265625
3224.43717022837,-1241.56171458351,2406167.39185923,-2415.07348632812
3232.66277525446,-1239.63695467843,2406159.39461737,-2415.15991210938
3240.88838028055,-1237.71219477336,2406151.39737551,-2414.38623046875
3249.11398530665,-1235.78743486828,2406143.40013365,-2414.27001953125
3257.33959033274,-1233.86267496321,2406135.40289179,-2415.37377929687
3265.56519535883,-1231.93791505814,2406127.40564993,-2415.19018554688
3273.79080038492,-1230.01315515306,2406119.40840807,-2415.56396484375
3282.01640541102,-1228.08839524799,2406111.41116621,-2416.75756835938
3290.24201043711,-1226.16363534291,2406103.41392435,-2417.48266601562
3298.4676154632,-1224.23887543784,2406095.41668249,-2417.78662109375
3306.69322048929,-1222.31411553277,2406087.41944064,-2419.1455078125
3314.91882551539,-1220.38935562769,2406079.42219878,-2421.5966796875
3323.14443054148,-1218.46459572262,2406071.42495692,-2423.69384765625
3331.37003556757,-1216.53983581754,2406063.42771506,-2425.57934570313
3339.59564059367,-1214.61507591247,2406055.4304732,-2429.37255859375
3347.82124561976,-1212.6903160074,2406047.43323134,-2432.400390625
3356.04685064585,-1210.76555610232,2406039.43598948,-2436.18823242187
3364.27245567194,-1208.84079619725,2406031.43874762,-2440.75854492187
3372.49806069804,-1206.91603629217,2406023.44150576,-2444.74975585937
3380.72366572413,-1204.9912763871,2406015.4442639,-2445.98022460938
3388.94927075022,-1203.06651648203,2406007.44702204,-2448.97534179688
3397.17487577632,-1201.14175657695,2405999.44978019,-2451.71801757812
3405.40048080241,-1199.21699667188,2405991.45253833,-2456.11401367187
3413.6260858285,-1197.2922367668,2405983.45529647,-2456.63549804688
3421.85169085459,-1195.36747686173,2405975.45805461,-2458.505859375
3430.07729588069,-1193.44271695666,2405967.46081275,-2460.41381835937
3438.30290090678,-1191.51795705158,2405959.46357089,-2461.7841796875
3446.52850593287,-1189.59319714651,2405951.46632903,-2463.38891601562
3454.75411095896,-1187.66843724143,2405943.46908717,-2465.69140625
3462.97971598506,-1185.74367733636,2405935.47184531,-2467.01782226563
3471.20532101115,-1183.81891743129,2405927.47460345,-2468.31982421875
3479.43092603724,-1181.89415752621,2405919.47736159,-2469.5234375
3487.65653106334,-1179.96939762114,2405911.48011974,-2471.17211914062
3495.88213608943,-1178.04463771606,2405903.48287788,-2471.47412109375
3504.10774111552,-1176.11987781099,2405895.48563602,-2472.328125
3512.33334614161,-1174.19511790592,2405887.48839416,-2472.7880859375
3520.55895116771,-1172.27035800084,2405879.4911523,-2473.2431640625
3528.7845561938,-1170.34559809577,2405871.49391044,-2474.08032226563
3537.01016121989,-1168.42083819069,2405863.49666858,-2474.16015625
3545.23576624599,-1166.49607828562,2405855.49942672,-2474.623046875
3553.46137127208,-1164.57131838055,2405847.50218486,-2474.39501953125
3561.68697629817,-1162.64655847547,2405839.504943,-2474.54809570312
3569.91258132426,-1160.7217985704,2405831.50770114,-2474.7900390625
3578.13818635036,-1158.79703866532,2405823.51045929,-2474.6103515625
3586.36379137645,-1156.87227876025,2405815.51321743,-2475.82885742188
3594.58939640254,-1154.94751885518,2405807.51597557,-2475.45581054688
3602.81500142863,-1153.0227589501,2405799.51873371,-2475.73461914062
3611.04060645473,-1151.09799904503,2405791.52149185,-2475.46826171875
3619.26621148082,-1149.17323913995,2405783.52424999,-2475.69213867187
3627.49181650691,-1147.24847923488,2405775.52700813,-2475.3642578125
3635.71742153301,-1145.32371932981,2405767.52976627,-2475.9365234375
3643.9430265591,-1143.39895942473,2405759.53252441,-2476.3232421875
3652.16863158519,-1141.47419951966,2405751.53528255,-2476.13256835937
3660.39423661128,-1139.54943961458,2405743.53804069,-2476.54614257813
3668.61984163738,-1137.62467970951,2405735.54079883,-2476.85375976562
3676.84544666347,-1135.69991980444,2405727.54355698,-2476.29174804687
3685.07105168956,-1133.77515989936,2405719.54631512,-2477.1533203125
3693.29665671566,-1131.85039999429,2405711.54907326,-2478.26147460938
3701.52226174175,-1129.92564008922,2405703.5518314,-2478.52587890625
3709.74786676784,-1128.00088018414,2405695.55458954,-2478.19995117187
3717.97347179393,-1126.07612027907,2405687.55734768,-2477.99584960937
3726.19907682003,-1124.15136037399,2405679.56010582,-2478.052734375
3734.42468184612,-1122.22660046892,2405671.56286396,-2477.69409179687
3742.65028687221,-1120.30184056385,2405663.5656221,-2477.98657226563
3750.8758918983,-1118.37708065877,2405655.56838024,-2477.66455078125
3759.1014969244,-1116.4523207537,2405647.57113838,-2477.49462890625
3767.32710195049,-1114.52756084862,2405639.57389653,-2477.6455078125
3775.55270697658,-1112.60280094355,2405631.57665467,-2477.3271484375
3783.77831200268,-1110.67804103848,2405623.57941281,-2477.4296875
3792.00391702877,-1108.7532811334,2405615.58217095,-2477.20629882813
3800.22952205486,-1106.82852122833,2405607.58492909,-2477.97802734375
3808.45512708095,-1104.90376132325,2405599.58768723,-2478.12768554687
3816.68073210705,-1102.97900141818,2405591.59044537,-2478.19213867187
3824.90633713314,-1101.05424151311,2405583.59320351,-2479.15112304687
3833.13194215923,-1099.12948160803,2405575.59596165,-2479.744140625
3841.35754718533,-1097.20472170296,2405567.59871979,-2480.212890625
3849.58315221142,-1095.27996179788,2405559.60147793,-2481.4794921875
3857.80875723751,-1093.35520189281,2405551.60423608,-2483.41333007812
3866.0343622636,-1091.43044198774,2405543.60699422,-2485.36499023437
3874.2599672897,-1089.50568208266,2405535.60975236,-2486.92456054687
3882.48557231579,-1087.58092217759,2405527.6125105,-2488.38134765625
3890.71117734188,-1085.65616227251,2405519.61526864,-2489.72900390625
3898.93678236797,-1083.73140236744,2405511.61802678,-2490.42504882813
3907.16238739407,-1081.80664246237,2405503.62078492,-2491.62133789063
3915.38799242016,-1079.88188255729,2405495.62354306,-2491.67895507812
3923.61359744625,-1077.95712265222,2405487.6263012,-2491.63330078125
3931.83920247235,-1076.03236274714,2405479.62905934,-2492.20166015625
3940.06480749844,-1074.10760284207,2405471.63181748,-2492.8876953125
3948.29041252453,-1072.182842937,2405463.63457563,-2493.23315429687
3956.51601755062,-1070.25808303192,2405455.63733377,-2494.16015625
3964.74162257672,-1068.33332312685,2405447.64009191,-2494.24487304687
3972.96722760281,-1066.40856322177,2405439.64285005,-2494.27734375
3981.1928326289,-1064.4838033167,2405431.64560819,-2494.53515625
3989.418437655,-1062.55904341163,2405423.64836633,-2494.84594726562
3997.64404268109,-1060.63428350655,2405415.65112447,-2494.84619140625
4005.86964770718,-1058.70952360148,2405407.65388261,-2494.75244140625
4014.09525273327,-1056.7847636964,2405399.65664075,-2495.16455078125
4022.32085775937,-1054.86000379133,2405391.65939889,-2495.3017578125
4030.54646278546,-1052.93524388626,2405383.66215703,-2494.6748046875
4038.77206781155,-1051.01048398118,2405375.66491518,-2494.4599609375
4046.99767283764,-1049.08572407611,2405367.66767332,-2494.56372070312
4055.22327786374,-1047.16096417103,2405359.67043146,-2493.64477539062
4063.44888288983,-1045.23620426596,2405351.6731896,-2492.53491210938
4071.67448791592,-1043.31144436089,2405343.67594774,-2491.607421875
4079.90009294202,-1041.38668445581,2405335.67870588,-2491.61499023438
4088.12569796811,-1039.46192455074,2405327.68146402,-2490.0869140625
4096.3513029942,-1037.53716464566,2405319.68422216,-2490.61254882813
4104.57690802029,-1035.61240474059,2405311.6869803,-2491.83251953125
4112.80251304639,-1033.68764483552,2405303.68973844,-2493.771484375
4121.02811807248,-1031.76288493044,2405295.69249658,-2496.73583984375
4129.25372309857,-1029.83812502537,2405287.69525472,-2498.0048828125
4137.47932812467,-1027.91336512029,2405279.69801287,-2498.73583984375
4145.70493315076,-1025.98860521522,2405271.70077101,-2500.6025390625
4153.93053817685,-1024.06384531015,2405263.70352915,-2501.23754882812
4162.15614320294,-1022.13908540507,2405255.70628729,-2502.27416992188
4170.38174822904,-1020.2143255,2405247.70904543,-2502.90161132812
4178.60735325513,-1018.28956559492,2405239.71180357,-2502.83154296875
4186.83295828122,-1016.36480568985,2405231.71456171,-2501.91821289062
4195.05856330732,-1014.44004578478,2405223.71731985,-2501.4482421875
4203.28416833341,-1012.5152858797,2405215.72007799,-2500.63989257812
4211.5097733595,-1010.59052597463,2405207.72283613,-2499.86083984375
4219.73537838559,-1008.66576606955,2405199.72559427,-2498.853515625
4227.96098341169,-1006.74100616448,2405191.72835242,-2497.81127929687
4236.18658843778,-1004.81624625941,2405183.73111056,-2497.18823242187
4244.41219346387,-1002.89148635433,2405175.7338687,-2496.15454101562
4252.63779848997,-1000.96672644926,2405167.73662684,-2496.2216796875
4260.86340351606,-999.041966544185,2405159.73938498,-2494.3173828125
4269.08900854215,-997.117206639111,2405151.74214312,-2491.95825195312
4277.31461356824,-995.192446734037,2405143.74490126,-2491.91284179687
4285.54021859434,-993.267686828963,2405135.7476594,-2490.615234375
4293.76582362043,-991.342926923889,2405127.75041754,-2489.88916015625
4301.99142864652,-989.418167018815,2405119.75317568,-2488.13208007812
4310.21703367261,-987.493407113741,2405111.75593382,-2486.81030273437
4318.44263869871,-985.568647208667,2405103.75869197,-2485.4853515625
4326.6682437248,-983.643887303593,2405095.76145011,-2483.47436523437
4334.89384875089,-981.719127398519,2405087.76420825,-2483.02807617187
4343.11945377698,-979.794367493445,2405079.76696639,-2482.10400390625
4351.34505880308,-977.869607588371,2405071.76972453,-2480.8935546875
4359.57066382917,-975.944847683297,2405063.77248267,-2479.7783203125
4367.79626885526,-974.020087778223,2405055.77524081,-2479.1572265625
4376.02187388136,-972.095327873149,2405047.77799895,-2478.17041015625
4384.24747890745,-970.170567968075,2405039.78075709,-2476.93798828125
4392.47308393354,-968.245808063001,2405031.78351523,-2476.61010742187
4400.69868895963,-966.321048157927,2405023.78627337,-2475.67578125
4408.92429398573,-964.396288252853,2405015.78903152,-2475.00756835937
4417.14989901182,-962.471528347779,2405007.79178966,-2474.0791015625
4425.37550403791,-960.546768442705,2404999.7945478,-2473.5107421875
4433.60110906401,-958.622008537631,2404991.79730594,-2474.03442382812
4441.8267140901,-956.697248632557,2404983.80006408,-2474.27978515625
4450.05231911619,-954.772488727483,2404975.80282222,-2473.427734375
4458.27792414228,-952.847728822409,2404967.80558036,-2473.29663085937
4466.50352916838,-950.922968917335,2404959.8083385,-2473.81323242187
4474.72913419447,-948.998209012261,2404951.81109664,-2474.2099609375
4482.95473922056,-947.073449107187,2404943.81385478,-2473.84301757813
4491.18034424665,-945.148689202113,2404935.81661292,-2474.03125
4499.40594927275,-943.223929297039,2404927.81937106,-2474.71118164062
4507.63155429884,-941.299169391965,2404919.82212921,-2476.12426757812
4515.85715932493,-939.374409486891,2404911.82488735,-2475.47338867188
4524.08276435103,-937.449649581817,2404903.82764549,-2474.8291015625
4532.30836937712,-935.524889676743,2404895.83040363,-2475.57397460937
4540.53397440321,-933.600129771669,2404887.83316177,-2474.10009765625
4548.7595794293,-931.675369866595,2404879.83591991,-2473.67236328125
4556.9851844554,-929.750609961521,2404871.83867805,-2473.4580078125
4565.21078948149,-927.825850056447,2404863.84143619,-2474.1484375
4573.43639450758,-925.901090151374,2404855.84419433,-2472.408203125
4581.66199953368,-923.976330246299,2404847.84695247,-2472.07275390625
4589.88760455977,-922.051570341225,2404839.84971061,-2472.029296875
4598.11320958586,-920.126810436151,2404831.85246876,-2472.39575195313
4606.33881461195,-918.202050531077,2404823.8552269,-2471.84057617187
4614.56441963805,-916.277290626003,2404815.85798504,-2471.48217773438
4622.79002466414,-914.35253072093,2404807.86074318,-2471.40405273437
4631.01562969023,-912.427770815855,2404799.86350132,-2470.70068359375
4639.24123471633,-910.503010910782,2404791.86625946,-2469.81201171875
4647.46683974242,-908.578251005708,2404783.8690176,-2468.78344726563
4655.69244476851,-906.653491100634,2404775.87177574,-2467.24853515625
4663.9180497946,-904.72873119556,2404767.87453388,-2465.52685546875
4672.1436548207,-902.803971290486,2404759.87729202,-2464.24584960937
4680.36925984679,-900.879211385412,2404751.88005016,-2463.46215820312
4688.59486487288,-898.954451480338,2404743.88280831,-2463.2998046875
4696.82046989897,-897.029691575264,2404735.88556645,-2462.35693359375
4705.04607492507,-895.10493167019,2404727.88832459,-2462.41479492187
4713.27167995116,-893.180171765116,2404719.89108273,-2461.330078125
4721.49728497725,-891.255411860042,2404711.89384087,-2459.8134765625
4729.72289000335,-889.330651954968,2404703.89659901,-2459.01489257812
4737.94849502944,-887.405892049894,2404695.89935715,-2458.18530273438
4746.17410005553,-885.48113214482,2404687.90211529,-2456.18920898437
4754.39970508162,-883.556372239746,2404679.90487343,-2455.00390625
4762.62531010772,-881.631612334672,2404671.90763157,-2453.6181640625
4770.85091513381,-879.706852429598,2404663.91038971,-2452.5283203125
4779.0765201599,-877.782092524524,2404655.91314785,-2451.44921875
4787.30212518599,-875.85733261945,2404647.915906,-2450.158203125
4795.52773021209,-873.932572714376,2404639.91866414,-2448.78540039062
4803.75333523818,-872.007812809302,2404631.92142228,-2447.50146484375
4811.97894026427,-870.083052904228,2404623.92418042,-2445.51904296875
4820.20454529037,-868.158292999154,2404615.92693856,-2444.09301757812
4828.43015031646,-866.23353309408,2404607.9296967,-2441.55004882812
4836.65575534255,-864.308773189006,2404599.93245484,-2438.16845703125
4844.88136036864,-862.384013283932,2404591.93521298,-2434.46923828125
4853.10696539474,-860.459253378858,2404583.93797112,-2430.99853515625
4861.33257042083,-858.534493473784,2404575.94072926,-2431.66967773438
4869.55817544692,-856.60973356871,2404567.9434874,-2431.13793945313
4877.78378047302,-854.684973663636,2404559.94624555,-2431.00537109375
4886.00938549911,-852.760213758562,2404551.94900369,-2431.93481445312
4894.2349905252,-850.835453853488,2404543.95176183,-2433.1591796875
4902.46059555129,-848.910693948414,2404535.95451997,-2435.97387695312
4910.68620057739,-846.98593404334,2404527.95727811,-2439.00024414062
4918.91180560348,-845.061174138266,2404519.96003625,-2442.03564453125
4927.13741062957,-843.136414233192,2404511.96279439,-2445.23901367188
4935.36301565567,-841.211654328118,2404503.96555253,-2448.32104492187
4943.58862068176,-839.286894423045,2404495.96831067,-2451.70361328125
4951.81422570785,-837.36213451797,2404487.97106881,-2456.07861328125
4960.03983073394,-835.437374612897,2404479.97382695,-2459.39306640625
4968.26543576004,-833.512614707822,2404471.9765851,-2460.79174804687
4976.49104078613,-831.587854802749,2404463.97934324,-2462.14526367187
4984.71664581222,-829.663094897675,2404455.98210138,-2461.5615234375
4992.94225083831,-827.738334992601,2404447.98485952,-2460.8271484375
5001.16785586441,-825.813575087527,2404439.98761766,-2460.74536132812
5009.3934608905,-823.888815182453,2404431.9903758,-2460.48071289063
5017.61906591659,-821.964055277379,2404423.99313394,-2460.13549804687
5025.84467094269,-820.039295372305,2404415.99589208,-2460.19262695313
5034.07027596878,-818.114535467231,2404407.99865022,-2460.109375
5042.29588099487,-816.189775562157,2404400.00140836,-2459.54638671875
5050.52148602096,-814.265015657083,2404392.0041665,-2458.89282226562
5058.74709104706,-812.340255752009,2404384.00692465,-2458.46728515625
5066.97269607315,-810.415495846935,2404376.00968279,-2458.22412109375
5075.19830109924,-808.490735941861,2404368.01244093,-2458.14306640625
5083.42390612533,-806.565976036787,2404360.01519907,-2457.8828125
5091.64951115143,-804.641216131713,2404352.01795721,-2456.62719726562
5099.87511617752,-802.716456226639,2404344.02071535,-2455.27368164062
5108.10072120361,-800.791696321565,2404336.02347349,-2453.92016601562
5116.32632622971,-798.866936416491,2404328.02623163,-2453.72900390625
5124.5519312558,-796.942176511417,2404320.02898977,-2454.89331054687
5132.77753628189,-795.017416606343,2404312.03174791,-2455.9404296875
5141.00314130798,-793.092656701269,2404304.03450605,-2456.82250976562
5149.22874633408,-791.167896796195,2404296.0372642,-2458.15063476562
5157.45435136017,-789.243136891121,2404288.04002234,-2459.537109375
5165.67995638626,-787.318376986047,2404280.04278048,-2459.82543945312
5173.90556141235,-785.393617080973,2404272.04553862,-2460.39135742188
5182.13116643845,-783.468857175899,2404264.04829676,-2461.25634765625
5190.35677146454,-781.544097270825,2404256.0510549,-2461.57885742187
5198.58237649063,-779.619337365751,2404248.05381304,-2461.13403320312
5206.80798151673,-777.694577460677,2404240.05657118,-2461.83740234375
5215.03358654282,-775.769817555603,2404232.05932932,-2462.09008789062
5223.25919156891,-773.845057650529,2404224.06208746,-2462.56005859375
5231.484796595,-771.920297745455,2404216.0648456,-2462.30712890625
5239.7104016211,-769.995537840381,2404208.06760374,-2461.46997070313
5247.93600664719,-768.070777935307,2404200.07036189,-2460.44946289062
5256.16161167328,-766.146018030233,2404192.07312003,-2460.94506835938
5264.38721669938,-764.221258125159,2404184.07587817,-2461.36962890625
5272.61282172547,-762.296498220085,2404176.07863631,-2460.18310546875
5280.83842675156,-760.371738315011,2404168.08139445,-2459.7421875
5289.06403177765,-758.446978409937,2404160.08415259,-2460.02172851562
5297.28963680375,-756.522218504863,2404152.08691073,-2460.16821289062
5305.51524182984,-754.597458599789,2404144.08966887,-2459.47631835937
5313.74084685593,-752.672698694715,2404136.09242701,-2459.81689453125
5321.96645188203,-750.747938789641,2404128.09518515,-2460.0703125
5330.19205690812,-748.823178884567,2404120.09794329,-2459.43090820312
5338.41766193421,-746.898418979494,2404112.10070144,-2459.52758789062
5346.6432669603,-744.973659074419,2404104.10345958,-2459.43701171875
5354.8688719864,-743.048899169346,2404096.10621772,-2459.73974609375
5363.09447701249,-741.124139264271,2404088.10897586,-2459.61303710938
5371.32008203858,-739.199379359198,2404080.111734,-2459.44091796875
5379.54568706467,-737.274619454124,2404072.11449214,-2459.03247070312
5387.77129209077,-735.34985954905,2404064.11725028,-2458.39868164063
5395.99689711686,-733.425099643976,2404056.12000842,-2458.45092773438
5404.22250214295,-731.500339738902,2404048.12276656,-2458.4716796875
5412.44810716905,-729.575579833828,2404040.1255247,-2458.80200195313
5420.67371219514,-727.650819928754,2404032.12828284,-2458.76025390625
5428.89931722123,-725.72606002368,2404024.13104099,-2458.12915039062
5437.12492224732,-723.801300118606,2404016.13379913,-2457.29833984375
5445.35052727342,-721.876540213532,2404008.13655727,-2455.50512695312
5453.57613229951,-719.951780308458,2404000.13931541,-2455.37841796875
5461.8017373256,-718.027020403384,2403992.14207355,-2454.490234375
5470.02734235169,-716.10226049831,2403984.14483169,-2453.77612304687
5478.25294737779,-714.177500593236,2403976.14758983,-2453.80737304687
5486.47855240388,-712.252740688162,2403968.15034797,-2453.3603515625
5494.70415742997,-710.327980783088,2403960.15310611,-2454.20947265625
5502.92976245607,-708.403220878014,2403952.15586425,-2454.66284179688
5511.15536748216,-706.47846097294,2403944.15862239,-2455.52880859375
5519.38097250825,-704.553701067866,2403936.16138054,-2455.58862304687
5527.60657753434,-702.628941162792,2403928.16413868,-2455.767578125
5535.83218256044,-700.704181257718,2403920.16689682,-2455.31713867187
5544.05778758653,-698.779421352644,2403912.16965496,-2454.44189453125
5552.28339261262,-696.85466144757,2403904.1724131,-2454.33325195313
5560.50899763872,-694.929901542496,2403896.17517124,-2453.03930664062
5568.73460266481,-693.005141637422,2403888.17792938,-2451.61303710938
5576.9602076909,-691.080381732348,2403880.18068752,-2450.58227539062
5585.18581271699,-689.155621827274,2403872.18344566,-2450.15234375
5593.41141774309,-687.2308619222,2403864.1862038,-2449.83984375
5601.63702276918,-685.306102017126,2403856.18896194,-2449.59350585937
5609.86262779527,-683.381342112052,2403848.19172009,-2448.5615234375
5618.08823282137,-681.456582206978,2403840.19447823,-2446.62548828125
5626.31383784746,-679.531822301904,2403832.19723637,-2444.86010742188
5634.53944287355,-677.60706239683,2403824.19999451,-2443.17822265625
5642.76504789964,-675.682302491756,2403816.20275265,-2441.26708984375
5650.99065292574,-673.757542586682,2403808.20551079,-2439.98852539062
5659.21625795183,-671.832782681608,2403800.20826893,-2438.75146484375
5667.44186297792,-669.908022776534,2403792.21102707,-2436.95141601563
5675.66746800401,-667.983262871461,2403784.21378521,-2437.68383789063
5683.89307303011,-666.058502966386,2403776.21654335,-2439.3662109375
5692.1186780562,-664.133743061313,2403768.21930149,-2439.04614257813
5700.34428308229,-662.208983156238,2403760.22205963,-2437.2919921875
5708.56988810839,-660.284223251165,2403752.22481778,-2436.52954101562
5716.79549313448,-658.359463346091,2403744.22757592,-2436.61181640625
5725.02109816057,-656.434703441017,2403736.23033406,-2435.41870117187
5733.24670318666,-654.509943535943,2403728.2330922,-2437.8583984375
5741.47230821276,-652.585183630869,2403720.23585034,-2438.81518554688
5749.69791323885,-650.660423725795,2403712.23860848,-2442.15869140625
5757.92351826494,-648.735663820721,2403704.24136662,-2447.99584960937
5766.14912329104,-646.810903915647,2403696.24412476,-2453.17138671875
5774.37472831713,-644.886144010573,2403688.2468829,-2459.08276367187
5782.60033334322,-642.961384105499,2403680.24964104,-2464.5634765625
5790.82593836931,-641.036624200425,2403672.25239918,-2468.82275390625
5799.05154339541,-639.111864295351,2403664.25515733,-2474.30810546875
5807.2771484215,-637.187104390277,2403656.25791547,-2476.9921875
5815.50275344759,-635.262344485203,2403648.26067361,-2480.27783203125
5823.72835847368,-633.337584580129,2403640.26343175,-2483.93359375
5831.95396349978,-631.412824675055,2403632.26618989,-2485.4970703125
5840.17956852587,-629.488064769981,2403624.26894803,-2488.76953125
5848.40517355196,-627.563304864907,2403616.27170617,-2490.89428710937
5856.63077857806,-625.638544959833,2403608.27446431,-2493.46948242187
5864.85638360415,-623.713785054759,2403600.27722245,-2494.55395507812
5873.08198863024,-621.789025149685,2403592.27998059,-2496.49658203125
5881.30759365633,-619.864265244611,2403584.28273873,-2498.6865234375
5889.53319868243,-617.939505339537,2403576.28549688,-2500.6083984375
5897.75880370852,-616.014745434463,2403568.28825502,-2503.1962890625
5905.98440873461,-614.089985529389,2403560.29101316,-2504.53930664063
5914.21001376071,-612.165225624315,2403552.2937713,-2506.669921875
5922.4356187868,-610.240465719241,2403544.29652944,-2508.1416015625
5930.66122381289,-608.315705814167,2403536.29928758,-2509.45825195312
5938.88682883898,-606.390945909093,2403528.30204572,-2509.484375
5947.11243386508,-604.466186004019,2403520.30480386,-2510.6240234375
5955.33803889117,-602.541426098945,2403512.307562,-2511.07934570312
5963.56364391726,-600.616666193871,2403504.31032014,-2512.37963867187
5971.78924894335,-598.691906288797,2403496.31307828,-2512.30151367188
5980.01485396945,-596.767146383723,2403488.31583642,-2512.83764648438
5988.24045899554,-594.842386478649,2403480.31859457,-2513.740234375
5996.46606402163,-592.917626573575,2403472.32135271,-2514.26416015625
6004.69166904773,-590.992866668501,2403464.32411085,-2514.34790039062
6012.91727407382,-589.068106763427,2403456.32686899,-2515.14624023438
6021.14287909991,-587.143346858353,2403448.32962713,-2516.61328125
6029.368484126,-585.218586953279,2403440.33238527,-2516.1611328125
6037.5940891521,-583.293827048206,2403432.33514341,-2516.48876953125
6045.81969417819,-581.369067143131,2403424.33790155,-2516.37426757812
6054.04529920428,-579.444307238057,2403416.34065969,-2516.41821289062
6062.27090423037,-577.519547332983,2403408.34341783,-2516.52856445312
6070.49650925647,-575.59478742791,2403400.34617597,-2516.65502929687
6078.72211428256,-573.670027522836,2403392.34893412,-2516.78759765625
6086.94771930865,-571.745267617762,2403384.35169226,-2516.73583984375
6095.17332433475,-569.820507712687,2403376.3544504,-2516.28100585937
6103.39892936084,-567.895747807614,2403368.35720854,-2516.24072265625
6111.62453438693,-565.97098790254,2403360.35996668,-2515.27514648437
6119.85013941302,-564.046227997466,2403352.36272482,-2514.89184570312
6128.07574443912,-562.121468092392,2403344.36548296,-2514.49584960937
6136.30134946521,-560.196708187318,2403336.3682411,-2513.93701171875
6144.5269544913,-558.271948282244,2403328.37099924,-2514.1962890625
6152.75255951739,-556.34718837717,2403320.37375738,-2513.8740234375
6160.97816454349,-554.422428472096,2403312.37651552,-2514.08349609375
6169.20376956958,-552.497668567022,2403304.37927367,-2513.3310546875
6177.42937459567,-550.572908661948,2403296.38203181,-2513.12768554688
6185.65497962177,-548.648148756874,2403288.38478995,-2513.220703125
6193.88058464786,-546.7233888518,2403280.38754809,-2512.98779296875
6202.10618967395,-544.798628946726,2403272.39030623,-2513.24682617187
6210.33179470004,-542.873869041652,2403264.39306437,-2512.3349609375
6218.55739972614,-540.949109136578,2403256.39582251,-2512.13745117187
6226.78300475223,-539.024349231504,2403248.39858065,-2511.5400390625
6235.00860977832,-537.09958932643,2403240.40133879,-2511.36303710937
6243.23421480442,-535.174829421356,2403232.40409693,-2511.25024414062
6251.45981983051,-533.250069516282,2403224.40685507,-2511.48071289062
6259.6854248566,-531.325309611208,2403216.40961322,-2511.48217773438
6267.91102988269,-529.400549706134,2403208.41237136,-2510.39575195312
6276.13663490879,-527.47578980106,2403200.4151295,-2509.73095703125
6284.36223993488,-525.551029895986,2403192.41788764,-2509.38818359375
6292.58784496097,-523.626269990912,2403184.42064578,-2509.47412109375
6300.81344998707,-521.701510085838,2403176.42340392,-2509.6455078125
6309.03905501316,-519.776750180764,2403168.42616206,-2509.103515625
6317.26466003925,-517.85199027569,2403160.4289202,-2508.79638671875
6325.49026506534,-515.927230370616,2403152.43167834,-2507.93725585937
6333.71587009144,-514.002470465542,2403144.43443648,-2507.33837890625
6341.94147511753,-512.077710560468,2403136.43719462,-2506.78051757812
6350.16708014362,-510.152950655394,2403128.43995276,-2507.08520507813
6358.39268516971,-508.22819075032,2403120.44271091,-2507.3896484375
6366.61829019581,-506.303430845246,2403112.44546905,-2506.96166992187
6374.8438952219,-504.378670940172,2403104.44822719,-2507.41162109375
6383.06950024799,-502.453911035098,2403096.45098533,-2506.65185546875
6391.29510527409,-500.529151130025,2403088.45374347,-2505.88354492187
6399.52071030018,-498.60439122495,2403080.45650161,-2506.02954101562
6407.74631532627,-496.679631319877,2403072.45925975,-2505.80053710937
6415.97192035236,-494.754871414802,2403064.46201789,-2505.951171875
6424.19752537846,-492.830111509729,2403056.46477603,-2505.240234375
6432.42313040455,-490.905351604654,2403048.46753417,-2505.20434570312
6440.64873543064,-488.980591699581,2403040.47029231,-2504.69018554687
6448.87434045674,-487.055831794507,2403032.47305046,-2505.62255859375
6457.09994548283,-485.131071889433,2403024.4758086,-2505.09228515625
6465.32555050892,-483.206311984359,2403016.47856674,-2504.25634765625
6473.55115553501,-481.281552079285,2403008.48132488,-2504.47338867187
6481.77676056111,-479.356792174211,2403000.48408302,-2504.60986328125
6490.0023655872,-477.432032269137,2402992.48684116,-2503.79418945312
6498.22797061329,-475.507272364063,2402984.4895993,-2504.57299804687
6506.45357563938,-473.582512458989,2402976.49235744,-2503.52661132812
6514.67918066548,-471.657752553915,2402968.49511558,-2503.86328125
6522.90478569157,-469.732992648841,2402960.49787372,-2503.43798828125
6531.13039071766,-467.808232743767,2402952.50063186,-2503.13110351563
6539.35599574376,-465.883472838693,2402944.50339001,-2503.13720703125
6547.58160076985,-463.958712933619,2402936.50614815,-2501.84765625
6555.80720579594,-462.033953028545,2402928.50890629,-2501.86791992187
6564.03281082203,-460.109193123471,2402920.51166443,-2501.5009765625
6572.25841584813,-458.184433218397,2402912.51442257,-2501.12475585937
6580.48402087422,-456.259673313323,2402904.51718071,-2500.92041015625
6588.70962590031,-454.334913408249,2402896.51993885,-2500.28881835938
6596.93523092641,-452.410153503175,2402888.52269699,-2500.05151367187
6605.1608359525,-450.485393598101,2402880.52545513,-2499.58032226563
6613.38644097859,-448.560633693027,2402872.52821327,-2498.67700195312
6621.61204600468,-446.635873787953,2402864.53097141,-2497.72583007812
6629.83765103078,-444.711113882879,2402856.53372956,-2497.61865234375
6638.06325605687,-442.786353977805,2402848.5364877,-2496.68823242187
6646.28886108296,-440.861594072731,2402840.53924584,-2495.671875
6654.51446610905,-438.936834167657,2402832.54200398,-2495.42749023438
6662.74007113515,-437.012074262583,2402824.54476212,-2494.43994140625
6670.96567616124,-435.087314357509,2402816.54752026,-2493.74267578125
6679.19128118733,-433.162554452435,2402808.5502784,-2492.72607421875
6687.41688621343,-431.237794547361,2402800.55303654,-2491.87329101562
6695.64249123952,-429.313034642287,2402792.55579468,-2491.19360351562
6703.86809626561,-427.388274737213,2402784.55855282,-2490.33129882813
6712.0937012917,-425.463514832139,2402776.56131096,-2489.46655273437
6720.3193063178,-423.538754927065,2402768.56406911,-2487.76318359375
6728.54491134389,-421.613995021991,2402760.56682725,-2486.71484375
6736.77051636998,-419.689235116917,2402752.56958539,-2485.31884765625
6744.99612139608,-417.764475211843,2402744.57234353,-2484.09448242188
6753.22172642217,-415.839715306769,2402736.57510167,-2482.56494140625
6761.44733144826,-413.914955401695,2402728.57785981,-2481.07470703125
6769.67293647435,-411.990195496622,2402720.58061795,-2479.09130859375
6777.89854150045,-410.065435591547,2402712.58337609,-2477.34448242187
6786.12414652654,-408.140675686474,2402704.58613423,-2475.64599609375
6794.34975155263,-406.215915781399,2402696.58889237,-2474.62646484375
6802.57535657873,-404.291155876326,2402688.59165051,-2473.42041015625
6810.80096160482,-402.366395971252,2402680.59440865,-2471.744140625
6819.02656663091,-400.441636066178,2402672.5971668,-2470.125
6827.252171657,-398.516876161104,2402664.59992494,-2468.58129882812
6835.4777766831,-396.59211625603,2402656.60268308,-2466.45483398437
6843.70338170919,-394.667356350956,2402648.60544122,-2464.80590820312
6851.92898673528,-392.742596445882,2402640.60819936,-2463.8251953125
6860.15459176137,-390.817836540808,2402632.6109575,-2462.49243164063
6868.38019678747,-388.893076635734,2402624.61371564,-2460.59204101562
6876.60580181356,-386.96831673066,2402616.61647378,-2458.86962890625
6884.83140683965,-385.043556825586,2402608.61923192,-2455.21459960937
6893.05701186574,-383.118796920512,2402600.62199006,-2452.21508789062
6901.28261689184,-381.194037015438,2402592.6247482,-2448.376953125
6909.50822191793,-379.269277110364,2402584.62750635,-2443.06127929687
6917.73382694402,-377.34451720529,2402576.63026449,-2441.85473632812
6925.95943197012,-375.419757300216,2402568.63302263,-2440.72143554687
6934.18503699621,-373.494997395142,2402560.63578077,-2439.39208984375
6942.4106420223,-371.570237490068,2402552.63853891,-2438.71533203125
6950.63624704839,-369.645477584994,2402544.64129705,-2442.44384765625
6958.86185207449,-367.72071767992,2402536.64405519,-2446.6865234375
6967.08745710058,-365.795957774846,2402528.64681333,-2450.59521484375
6975.31306212667,-363.871197869772,2402520.64957147,-2455.79150390625
6983.53866715277,-361.946437964698,2402512.65232961,-2458.12646484375
6991.76427217886,-360.021678059624,2402504.65508775,-2460.4990234375
6999.98987720495,-358.09691815455,2402496.6578459,-2463.38916015625
7008.21548223104,-356.172158249476,2402488.66060404,-2466.4287109375
7016.44108725714,-354.247398344402,2402480.66336218,-2468.60766601562
7024.66669228323,-352.322638439328,2402472.66612032,-2469.9169921875
7032.89229730932,-350.397878534254,2402464.66887846,-2472.44873046875
7041.11790233541,-348.47311862918,2402456.6716366,-2473.50390625
7049.34350736151,-346.548358724106,2402448.67439474,-2474.9248046875
7057.5691123876,-344.623598819032,2402440.67715288,-2475.89990234375
7065.79471741369,-342.698838913958,2402432.67991102,-2476.22778320313
7074.02032243979,-340.774079008884,2402424.68266916,-2476.13549804687
7082.24592746588,-338.84931910381,2402416.6854273,-2475.45678710937
7090.47153249197,-336.924559198736,2402408.68818545,-2475.84448242187
7098.69713751806,-334.999799293662,2402400.69094359,-2476.45556640625
7106.92274254416,-333.075039388588,2402392.69370173,-2476.07275390625
7115.14834757025,-331.150279483514,2402384.69645987,-2475.72900390625
7123.37395259634,-329.22551957844,2402376.69921801,-2476.86010742187
7131.59955762244,-327.300759673366,2402368.70197615,-2478.93603515625
7139.82516264853,-325.375999768293,2402360.70473429,-2480.80541992188
7148.05076767462,-323.451239863218,2402352.70749243,-2481.47265625
7156.27637270071,-321.526479958145,2402344.71025057,-2481.18310546875
7164.50197772681,-319.60172005307,2402336.71300871,-2481.6455078125
7172.7275827529,-317.676960147997,2402328.71576685,-2482.58032226562
7180.95318777899,-315.752200242923,2402320.71852499,-2482.42114257812
7189.17879280509,-313.827440337849,2402312.72128314,-2482.580078125
7197.40439783118,-311.902680432775,2402304.72404128,-2482.5185546875
7205.63000285727,-309.977920527701,2402296.72679942,-2481.95654296875
7213.85560788336,-308.053160622627,2402288.72955756,-2482.51611328125
7222.08121290946,-306.128400717553,2402280.7323157,-2481.8486328125
7230.30681793555,-304.203640812479,2402272.73507384,-2481.8388671875
7238.53242296164,-302.278880907405,2402264.73783198,-2482.33276367187
7246.75802798773,-300.354121002331,2402256.74059012,-2482.47436523437
7254.98363301383,-298.429361097257,2402248.74334826,-2482.89770507813
7263.20923803992,-296.504601192183,2402240.7461064,-2482.30932617188
7271.43484306601,-294.579841287109,2402232.74886455,-2482.51000976563
7279.66044809211,-292.655081382035,2402224.75162269,-2481.85766601562
7287.8860531182,-290.730321476961,2402216.75438083,-2481.67065429688
7296.11165814429,-288.805561571887,2402208.75713897,-2481.84521484375
7304.33726317038,-286.880801666813,2402200.75989711,-2481.236328125
7312.56286819648,-284.956041761739,2402192.76265525,-2482.4072265625
7320.78847322257,-283.031281856665,2402184.76541339,-2484.94360351562
7329.01407824866,-281.106521951591,2402176.76817153,-2487.49853515625
7337.23968327475,-279.181762046517,2402168.77092967,-2488.08227539062
7345.46528830085,-277.257002141443,2402160.77368781,-2488.412109375
7353.69089332694,-275.332242236369,2402152.77644595,-2489.75512695312
7361.91649835303,-273.407482331295,2402144.77920409,-2490.82885742187
7370.14210337913,-271.482722426221,2402136.78196224,-2490.462890625
7378.36770840522,-269.557962521147,2402128.78472038,-2491.16845703125
7386.59331343131,-267.633202616073,2402120.78747852,-2491.47924804687
7394.8189184574,-265.708442710999,2402112.79023666,-2492.75537109375
7403.0445234835,-263.783682805925,2402104.7929948,-2491.60620117188
7411.27012850959,-261.858922900851,2402096.79575294,-2492.244140625
7419.49573353568,-259.934162995777,2402088.79851108,-2493.05688476562
7427.72133856178,-258.009403090703,2402080.80126922,-2493.53686523437
7435.94694358787,-256.084643185629,2402072.80402736,-2493.87255859375
7444.17254861396,-254.159883280555,2402064.8067855,-2493.833984375
7452.39815364005,-252.235123375481,2402056.80954364,-2493.51708984375
7460.62375866615,-250.310363470407,2402048.81230179,-2493.57250976563
7468.84936369224,-248.385603565333,2402040.81505993,-2494.10864257813
7477.07496871833,-246.460843660259,2402032.81781807,-2494.20922851563
7485.30057374443,-244.536083755185,2402024.82057621,-2494.43872070312
7493.52617877052,-242.611323850111,2402016.82333435,-2494.22436523438
7501.75178379661,-240.686563945038,2402008.82609249,-2494.89526367187
7509.9773888227,-238.761804039963,2402000.82885063,-2495.92919921875
7518.2029938488,-236.83704413489,2401992.83160877,-2496.4482421875
7526.42859887489,-234.912284229815,2401984.83436691,-2496.76318359375
7534.65420390098,-232.987524324742,2401976.83712505,-2497.00170898437
7542.87980892707,-231.062764419667,2401968.83988319,-2497.35620117187
7551.10541395317,-229.138004514594,2401960.84264133,-2497.03955078125
7559.33101897926,-227.21324460952,2401952.84539948,-2496.99951171875
7567.55662400535,-225.288484704446,2401944.84815762,-2497.10913085937
7575.78222903145,-223.363724799372,2401936.85091576,-2497.9140625
7584.00783405754,-221.438964894298,2401928.8536739,-2498.63549804687
7592.23343908363,-219.514204989224,2401920.85643204,-2498.82348632813
7600.45904410972,-217.58944508415,2401912.85919018,-2499.822265625
7608.68464913582,-215.664685179076,2401904.86194832,-2501.0087890625
7616.91025416191,-213.739925274002,2401896.86470646,-2502.05908203125
7625.135859188,-211.815165368928,2401888.8674646,-2502.7919921875
7633.36146421409,-209.890405463854,2401880.87022274,-2502.93212890625
7641.58706924019,-207.96564555878,2401872.87298088,-2503.4326171875
7649.81267426628,-206.040885653706,2401864.87573903,-2504.09912109375
7658.03827929237,-204.116125748632,2401856.87849717,-2504.2978515625
7666.26388431847,-202.191365843558,2401848.88125531,-2504.92797851562
7674.48948934456,-200.266605938484,2401840.88401345,-2506.19653320312
7682.71509437065,-198.34184603341,2401832.88677159,-2507.0859375
7690.94069939674,-196.417086128336,2401824.88952973,-2507.6474609375
7699.16630442284,-194.492326223262,2401816.89228787,-2508.10888671875
7707.39190944893,-192.567566318188,2401808.89504601,-2509.05297851562
7715.61751447502,-190.642806413114,2401800.89780415,-2509.34350585938
7723.84311950111,-188.71804650804,2401792.90056229,-2511.40942382812
7732.06872452721,-186.793286602966,2401784.90332043,-2513.01977539062
7740.2943295533,-184.868526697892,2401776.90607858,-2513.17797851563
7748.51993457939,-182.943766792818,2401768.90883672,-2514.03979492187
7756.74553960549,-181.019006887744,2401760.91159486,-2515.35913085937
7764.97114463158,-179.09424698267,2401752.914353,-2516.05346679687
7773.19674965767,-177.169487077596,2401744.91711114,-2516.73217773437
7781.42235468376,-175.244727172522,2401736.91986928,-2516.88720703125
7789.64795970986,-173.319967267448,2401728.92262742,-2517.45483398438
7797.87356473595,-171.395207362374,2401720.92538556,-2517.93041992187
7806.09916976204,-169.4704474573,2401712.9281437,-2519.08813476562
7814.32477478814,-167.545687552226,2401704.93090184,-2519.75732421875
7822.55037981423,-165.620927647152,2401696.93365998,-2520.2080078125
7830.77598484032,-163.696167742078,2401688.93641813,-2520.85473632812
7839.00158986641,-161.771407837004,2401680.93917627,-2521.296875
7847.22719489251,-159.84664793193,2401672.94193441,-2521.46215820312
7855.4527999186,-157.921888026857,2401664.94469255,-2520.9599609375
7863.67840494469,-155.997128121782,2401656.94745069,-2520.75439453125
7871.90400997079,-154.072368216709,2401648.95020883,-2522.74780273437
7880.12961499688,-152.147608311634,2401640.95296697,-2522.99975585937
7888.35522002297,-150.222848406561,2401632.95572511,-2523.05297851562
7896.58082504906,-148.298088501487,2401624.95848325,-2522.828125
7904.80643007516,-146.373328596413,2401616.96124139,-2522.26538085938
7913.03203510125,-144.448568691339,2401608.96399953,-2521.83544921875
7921.25764012734,-142.523808786265,2401600.96675767,-2521.138671875
7929.48324515343,-140.599048881191,2401592.96951582,-2521.09326171875
7937.70885017953,-138.674288976117,2401584.97227396,-2520.75390625
7945.93445520562,-136.749529071043,2401576.9750321,-2521.0625
7954.16006023171,-134.824769165969,2401568.97779024,-2520.498046875
7962.38566525781,-132.900009260895,2401560.98054838,-2520.35766601562
7970.6112702839,-130.975249355821,2401552.98330652,-2520.45483398437
7978.83687530999,-129.050489450747,2401544.98606466,-2520.43530273437
7987.06248033608,-127.125729545673,2401536.9888228,-2520.60620117187
7995.28808536218,-125.200969640599,2401528.99158094,-2520.34423828125
8003.51369038827,-123.276209735525,2401520.99433908,-2520.361328125
8011.73929541436,-121.351449830451,2401512.99709722,-2520.28930664062
8019.96490044045,-119.426689925377,2401504.99985537,-2520.4111328125
8028.19050546655,-117.501930020303,2401497.00261351,-2520.64282226562
8036.41611049264,-115.577170115229,2401489.00537165,-2520.67163085937
8044.64171551873,-113.652410210155,2401481.00812979,-2520.53735351562
8052.86732054483,-111.727650305081,2401473.01088793,-2520.4501953125
8061.09292557092,-109.802890400007,2401465.01364607,-2520.048828125
8069.31853059701,-107.878130494933,2401457.01640421,-2520.15869140625
8077.5441356231,-105.953370589859,2401449.01916235,-2520.50463867187
8085.7697406492,-104.028610684785,2401441.02192049,-2521.17016601562
8093.99534567529,-102.103850779711,2401433.02467863,-2521.85913085937
8102.22095070138,-100.179090874637,2401425.02743677,-2522.40869140625
8110.44655572748,-98.2543309695632,2401417.03019492,-2522.34790039062
8118.67216075357,-96.3295710644891,2401409.03295306,-2522.73168945312
8126.89776577966,-94.4048111594152,2401401.0357112,-2523.20166015625
8135.12337080575,-92.4800512543413,2401393.03846934,-2524.396484375
8143.34897583185,-90.5552913492672,2401385.04122748,-2523.83032226562
8151.57458085794,-88.6305314441934,2401377.04398562,-2523.21801757813
8159.80018588403,-86.7057715391193,2401369.04674376,-2523.04541015625
8168.02579091013,-84.7810116340454,2401361.0495019,-2523.400390625
8176.25139593622,-82.8562517289713,2401353.05226004,-2523.23291015625
8184.47700096231,-80.9314918238974,2401345.05501818,-2523.27319335937
8192.7026059884,-79.0067319188233,2401337.05777632,-2522.98950195313
8200.9282110145,-77.0819720137495,2401329.06053447,-2522.29321289062
8209.15381604059,-75.1572121086754,2401321.06329261,-2521.55297851563
8217.37942106668,-73.2324522036015,2401313.06605075,-2520.18603515625
8225.60502609277,-71.3076922985274,2401305.06880889,-2519.2392578125
8225.60502609277,-71.3076922985274,2401305.06880889,-2519.2392578125
